Row ID,Bulan,Tahun,Total Day,LOCATION,Region,Position,Pemakaian,Baseline per day,Baseline,,Row ID,Bulan,TAHUN,Total Day,Area,Region,Position,REAL,Baseline per day,BATAS,,month,Realisasi,BASELINE,EFISIENSI kWh 2023,Persentase,,LOKASI,Total Pemakaian 2024,Total Pemakaian 2023,Total Baseline per lokasi 2023,,MONTH,REALISASI,BASELINE PERBULAN 2024,EFISIENSI kWh 2024,persentase,,BULAN,TEMPAT,DASAR,PENGGUNAAN,PENGHEMATAN,RANK
1,JANUARY,2023,31,ER WKS,REGION 1,DEPO,167780,5238,162378,,1,JANUARY,2024,31,ER WKS,REGION 1,DEPO,156780,-,162363,,JANUARI,"3,139,793","2,986,956","-152,837",-0.051,,WORKSHOP,"1,089,370","1,917,276","1,911,870",,JANUARI,"3,059,335","2,992,840",-66495,-2.22%,,January,Workshop,162774,156780,3.70%,11
2,FEBRUARY,2023,28,ER WKS,REGION 1,DEPO,146460,5238,146664,,2,JANUARY,2024,31,ER ADM,REGION 1,DEPO,209920,-,176236,,FEBRUARI,"2,846,058","2,794,249","-51,808",-0.019,,ADMINISTRATION,1391680,"2,041,357","2,075,025",,FEBRUARI,"2,709,450","2,799,754","90,304",3.23%,,January,Administrasi,176683,209920,-18.80%,12
3,MARCH,2023,31,ER WKS,REGION 1,DEPO,160530,5238,162378,,3,JANUARY,2024,31,ER LBB,REGION 1,ELEVATED,62985,-,69330,,MARET,"3,208,928","2,986,956","-221,972",-0.074,,LEBAK BULUS,"472,097","821,653","816,140",,MARET,"2,921,512","2,992,840","71,328",2.38%,,January,Lebak Bulus,75848,63985,15.60%,5
4,APRIL,2023,30,ER WKS,REGION 1,DEPO,138840,5238,157140,,4,JANUARY,2024,31,ER FTM,REGION 1,ELEVATED,73026,-,69864,,APRIL,"3,121,347","2,890,603","-230,745",-0.08,,FATMAWATI,"587,190","819,435","822,710",,APRIL,"2,933,795","2,896,297",-37498,-1.29%,,January,Fatmawati ,75698,71352,5.70%,8
5,MAY,2023,31,ER WKS,REGION 1,DEPO,152380,5238,162378,,5,JANUARY,2024,31,ER CPR,REGION 1,ELEVATED,75336,-,76786,,MEI,"3,251,782","2,986,956","-264,826",-0.089,,CIPETE RAYA,"568,535","568,535","904,105",,MEI,"2,946,849","2,992,840","45,991",1.54%,,January,Cipete Raya,82464,75336,8.60%,7
6,JUNE,2023,30,ER WKS,REGION 1,DEPO,152630,5238,157140,,6,JANUARY,2024,31,ER HJN,REGION 2,ELEVATED,67015,-,44224,,JUNI,"2,956,154","2,890,603","-65,552",-0.023,,HAJI NAWI,"306,075","497,914","520,855",,JUNI,"2,754,235","2,890,603","136,367",4.95%,,January,Haji Nawi ,46571,67015,-43.90%,15
7,JULY,2023,31,ER WKS,REGION 1,DEPO,164700,5238,162378,,7,JANUARY,2024,31,ER BLA,REGION 2,ELEVATED,73641,-,43088,,JULI,"2,689,350","2,986,956","297,606",0.1,,BLOK A,"313,882","476,775","507,350",,JULI,"2,719,477","2,986,956","267,479",8.94%,,January,Blok A,43931,73641,-67.60%,16
8,AUGUST,2023,31,ER WKS,REGION 1,DEPO,174650,5238,162378,,8,JANUARY,2024,31,ER BLM,REGION 2,ELEVATED,86120,-,60990,,AGUSTUS ,"2,685,607","2,986,956","301,349",0.101,,BLOK M,"505,624","692,974","717,955",,AGUSTUS ,"2,716,769","2,986,956","270,187",9.95%,,January,Blok M,67629,86120,-27.30%,13
9,SEPTEMBER,2023,30,ER WKS,REGION 1,DEPO,141070,5238,157140,,9,JANUARY,2024,31,ER ASN ,REGION 2,UNDERGROND,98863,-,68904,,SEPTEMBER,"2,503,520","2,890,603","387,083",0.134,,ASEAN,"500,114","781,334","811,395",,SEPTEMBER,"2,698,667","2,890,603","191,936",7.11%,,January,Asean,74124,98863,-33.40%,14
10,OCTOBER,2023,31,ER WKS,REGION 1,DEPO,168750,5238,162378,,10,JANUARY,2024,31,ER SNY,REGION 3,UNDERGROND,255279,-,261240,,OKTOBER,"2,883,665","2,986,956","103,291",0.035,,SENAYAN,"2,023,519","3,081,851","3,075,855",,OKTOBER,"2,784,241","2,986,956","202,715",7.28%,,January,Senayan,294926,255279,13.40%,6
11,NOVEMBER,2023,30,ER WKS,REGION 1,DEPO,169750,5238,157140,,11,JANUARY,2024,31,ER IST,REGION 3,UNDERGROND,284153,-,296939,,NOVEMBER,"2,888,594","2,890,603","2,009",0.001,,ISTORA,"2,237,369","3,509,003","3,496,335",,NOVEMBER,"2,763,209","2,890,603","127,394",4.61%,,January,Istora,354189,284153,19.80%,1
12,DECEMBER,2023,31,ER WKS,REGION 1,DEPO,179736,5238,162378,,12,JANUARY,2024,31,ER BNH,REGION 3,UNDERGROND,313665,-,321360,,DESEMBER,"2,920,149","2,986,956","66,807",0.022,,BENDUNGAN HILIR ,"2,533,930","3,791,445","3,783,590",,DESEMBER,,,,,,January,Bendungan Hilir,384936,313665,18.50%,4
13,JANUARY,2023,31,ER ADM,REGION 1,DEPO,175130,5685,176235,,13,JANUARY,2024,31,ER STB,REGION 3,UNDERGROND,298424,-,319496,,,,,,,,SETIABUDI,"2,266,823","3,782,881","3,761,690",,,,,,,,January,Setiabudi,370651,298424,19.50%,2
14,FEBRUARY,2023,28,ER ADM,REGION 1,DEPO,160160,5685,159180,,14,JANUARY,2024,31,ER DKA,REGION 3,UNDERGROND,478107,-,488957,,,,,,,,DUKUH ATAS,"4,039,365","5,767,925","5,757,145",,,,,,,,January,Dukuh Atas,590221,478107,19.00%,3
15,MARCH,2023,31,ER ADM,REGION 1,DEPO,174530,5685,176235,,15,JANUARY,2024,31,ER BHI,REGION 3,UNDERGROND,508856,-,508532,,,,,,,,BUNDARAN HI,"3,783,705","5,987,235","5,987,460",,,,,,,,January,Bundaram HI,533349,508856,4.60%,9
16,APRIL,2023,30,ER ADM,REGION 1,DEPO,177000,5685,170550,,16,JANUARY,2024,31,ER RSS,REGION 2,TAMAN SAMBAS,17840,-,18646,,,,,,,,RSS,"142,820","220,350","219,365",,,,,,,,January,RSS,18693,17840,4.60%,10
17,MAY,2023,31,ER ADM,REGION 1,DEPO,159630,5685,176235,,17,FEBRUARY,2024,29,ER WKS,REGION 1,DEPO,145940,-,151888,,,,,,,,,,,,,,,,,,,February,Workshop,152272,145940,4.20%,12
18,JUNE,2023,30,ER ADM,REGION 1,DEPO,170470,5685,170550,,18,FEBRUARY,2024,29,ER ADM,REGION 1,DEPO,163070,-,164866,,,,,,,,,,,,,,,,,,,February,Administrasi,165284,163070,1.30%,14
19,JULY,2023,31,ER ADM,REGION 1,DEPO,166300,5685,176235,,19,FEBRUARY,2024,29,ER LBB,REGION 1,ELEVATED,51551,-,64857,,,,,,,,,,,,,,,,,,,February,Lebak Bulus,67633,51551,23.80%,1
20,AUGUST,2023,31,ER ADM,REGION 1,DEPO,158670,5685,176235,,20,FEBRUARY,2024,29,ER FTM,REGION 1,ELEVATED,70149,-,65357,,,,,,,,,,,,,,,,,,,February,Fatmawati ,68955,70149,-1.70%,16
21,SEPTEMBER,2023,30,ER ADM,REGION 1,DEPO,166130,5685,170550,,21,FEBRUARY,2024,29,ER CPR,REGION 1,ELEVATED,75418,-,71832,,,,,,,,,,,,,,,,,,,February,Cipete Raya,75376,75418,-0.10%,15
22,OCTOBER,2023,31,ER ADM,REGION 1,DEPO,183270,5685,176235,,22,FEBRUARY,2024,29,ER HJN,REGION 2,ELEVATED,31811,-,41371,,,,,,,,,,,,,,,,,,,February,Haji Nawi ,41459,31811,23.30%,2
23,NOVEMBER,2023,30,ER ADM,REGION 1,DEPO,174982,5685,170550,,23,FEBRUARY,2024,29,ER BLA,REGION 2,ELEVATED,33882,-,40308,,,,,,,,,,,,,,,,,,,February,Blok A,39688,33882,14.60%,6
24,DECEMBER,2023,31,ER ADM,REGION 1,DEPO,175086,5685,176235,,24,FEBRUARY,2024,29,ER BLM,REGION 2,ELEVATED,51665,-,57055,,,,,,,,,,,,,,,,,,,February,Blok M,62960,51665,17.90%,4
25,JANUARY,2023,31,ER LBB,REGION 1,STATION ELEVATED,49948,2236,69316,,25,FEBRUARY,2024,29,ER ASN ,REGION 2,UNDERGROND,56468,-,64459,,,,,,,,,,,,,,,,,,,February,Asean,65214,56468,13.40%,8
26,FEBRUARY,2023,28,ER LBB,REGION 1,STATION ELEVATED,46967,2236,62608,,26,FEBRUARY,2024,29,ER SNY,REGION 3,UNDERGROND,240247,-,244386,,,,,,,,,,,,,,,,,,,February,Senayan,263887,240247,9.00%,10
27,MARCH,2023,31,ER LBB,REGION 1,STATION ELEVATED,62114,2236,69316,,27,FEBRUARY,2024,29,ER IST,REGION 3,UNDERGROND,271858,-,277782,,,,,,,,,,,,,,,,,,,February,Istora,319292,271858,14.90%,5
28,APRIL,2023,30,ER LBB,REGION 1,STATION ELEVATED,77012,2236,67080,,28,FEBRUARY,2024,29,ER BNH,REGION 3,UNDERGROND,315352,-,300627,,,,,,,,,,,,,,,,,,,February,Bendungan Hilir,348141,315352,9.40%,9
29,MAY,2023,31,ER LBB,REGION 1,STATION ELEVATED,70226,2236,69316,,29,FEBRUARY,2024,29,ER STB,REGION 3,UNDERGROND,282185,-,298883,,,,,,,,,,,,,,,,,,,February,Setiabudi,329521,282185,14.40%,7
30,JUNE,2023,30,ER LBB,REGION 1,STATION ELEVATED,60416,2236,67080,,30,FEBRUARY,2024,29,ER DKA,REGION 3,UNDERGROND,427299,-,457411,,,,,,,,,,,,,,,,,,,February,Dukuh Atas,540005,427299,20.90%,3
31,JULY,2023,31,ER LBB,REGION 1,STATION ELEVATED,60900,2236,69316,,31,FEBRUARY,2024,29,ER BHI,REGION 3,UNDERGROND,475895,-,475724,,,,,,,,,,,,,,,,,,,February,Bundaram HI,491118,475895,3.10%,13
32,AUGUST,2023,31,ER LBB,REGION 1,STATION ELEVATED,64224,2236,69316,,32,FEBRUARY,2024,29,ER RSS,REGION 2,TAMAN SAMBAS,16660,-,17443,,,,,,,,,,,,,,,,,,,February,RSS,17487,16660,4.70%,11
33,SEPTEMBER,2023,30,ER LBB,REGION 1,STATION ELEVATED,64760,2236,67080,,33,MARCH,2024,31,ER WKS,REGION 1,DEPO,147770,-,162363,,,,,,,,,,,,,,,,,,,March,Workshop,162774,147770,9.20%,7
34,OCTOBER,2023,31,ER LBB,REGION 1,STATION ELEVATED,79955,2236,69316,,34,MARCH,2024,31,ER ADM,REGION 1,DEPO,183760,-,176236,,,,,,,,,,,,,,,,,,,March,Administrasi,176683,183760,-4.00%,16
35,NOVEMBER,2023,30,ER LBB,REGION 1,STATION ELEVATED,96324,2236,67080,,35,MARCH,2024,31,ER LBB,REGION 1,ELEVATED,68382,-,69330,,,,,,,,,,,,,,,,,,,March,Lebak Bulus,70487,68382,3.00%,12
36,DECEMBER,2023,31,ER LBB,REGION 1,STATION ELEVATED,88807,2236,69316,,36,MARCH,2024,31,ER FTM,REGION 1,ELEVATED,73654,-,69864,,,,,,,,,,,,,,,,,,,March,Fatmawati ,73755,73654,0.10%,14
37,JANUARY,2023,31,ER FTM,REGION 1,STATION ELEVATED,67823,2254,69874,,37,MARCH,2024,31,ER CPR,REGION 1,ELEVATED,50172,-,76786,,,,,,,,,,,,,,,,,,,March,Cipete Raya,77373,50172,35.20%,1
38,FEBRUARY,2023,28,ER FTM,REGION 1,STATION ELEVATED,60197,2254,63112,,38,MARCH,2024,31,ER HJN,REGION 2,ELEVATED,33303,-,44224,,,,,,,,,,,,,,,,,,,March,Haji Nawi ,43788,33303,23.90%,2
39,MARCH,2023,31,ER FTM,REGION 1,STATION ELEVATED,73055,2254,69874,,39,MARCH,2024,31,ER BLA,REGION 2,ELEVATED,33256,-,43088,,,,,,,,,,,,,,,,,,,March,Blok A,42083,33256,21.00%,4
40,APRIL,2023,30,ER FTM,REGION 1,STATION ELEVATED,65622,2254,67620,,40,MARCH,2024,31,ER BLM,REGION 2,ELEVATED,56659,-,60990,,,,,,,,,,,,,,,,,,,March,Blok M,59673,56659,5.10%,9
41,MAY,2023,31,ER FTM,REGION 1,STATION ELEVATED,63052,2254,69874,,41,MARCH,2024,31,ER ASN ,REGION 2,UNDERGROND,55059,-,68904,,,,,,,,,,,,,,,,,,,March,Asean,"69,851","55,059",21.20%,3
42,JUNE,2023,30,ER FTM,REGION 1,STATION ELEVATED,61876,2254,67620,,42,MARCH,2024,31,ER SNY,REGION 3,UNDERGROND,254110,-,261240,,,,,,,,,,,,,,,,,,,March,Senayan,"259,679","254,110",2.10%,13
43,JULY,2023,31,ER FTM,REGION 1,STATION ELEVATED,68255,2254,69874,,43,MARCH,2024,31,ER IST,REGION 3,UNDERGROND,283903,-,296939,,,,,,,,,,,,,,,,,,,March,Istora,"307,893","283,903",7.80%,8
44,AUGUST,2023,31,ER FTM,REGION 1,STATION ELEVATED,65668,2254,69874,,44,MARCH,2024,31,ER BNH,REGION 3,UNDERGROND,331981,-,321360,,,,,,,,,,,,,,,,,,,March,Bendungan Hilir,"369,735","331,981",10.20%,6
45,SEPTEMBER,2023,30,ER FTM,REGION 1,STATION ELEVATED,73665,2254,67620,,45,MARCH,2024,31,ER STB,REGION 3,UNDERGROND,308181,-,319496,,,,,,,,,,,,,,,,,,,March,Setiabudi,"350,311","308,181",12.00%,5
46,OCTOBER,2023,31,ER FTM,REGION 1,STATION ELEVATED,68771,2254,69874,,46,MARCH,2024,31,ER DKA,REGION 3,UNDERGROND,524068,-,488957,,,,,,,,,,,,,,,,,,,March,Dukuh Atas,"541,148","524,068",3.20%,11
47,NOVEMBER,2023,30,ER FTM,REGION 1,STATION ELEVATED,75299,2254,67620,,47,MARCH,2024,31,ER BHI,REGION 3,UNDERGROND,499174,-,508532,,,,,,,,,,,,,,,,,,,March,Bundaram HI,"496,196","499,174",-0.60%,15
48,DECEMBER,2023,31,ER FTM,REGION 1,STATION ELEVATED,76151,2254,69874,,48,MARCH,2024,31,ER RSS,REGION 3,TAMAN SAMBAS,18080,-,18646,,,,,,,,,,,,,,,,,,,March,RSS,"18,693","18,080",3.30%,10
49,JANUARY,2023,31,ER CPR,REGION 1,STATION ELEVATED,69548,2477,76787,,49,APRIL,2024,30,ER WKS,REGION 1,DEPO,153650,-,157125,,,,,,,,,,,,,,,,,,,April,Workshop,"157,523","153,650",2.50%,7
50,FEBRUARY,2023,28,ER CPR,REGION 1,STATION ELEVATED,60988,2477,69356,,50,APRIL,2024,30,ER ADM,REGION 1,DEPO,180300,-,170551,,,,,,,,,,,,,,,,,,,April,Administrasi,"170,983","180,300",-5.40%,13
51,MARCH,2023,31,ER CPR,REGION 1,STATION ELEVATED,76508,2477,76787,,51,APRIL,2024,30,ER LBB,REGION 1,ELEVATED,58925,-,67094,,,,,,,,,,,,,,,,,,,April,Lebak Bulus,"64,532","58,925",8.70%,5
52,APRIL,2023,30,ER CPR,REGION 1,STATION ELEVATED,67578,2477,74310,,52,APRIL,2024,30,ER FTM,REGION 1,ELEVATED,74193,-,67611,,,,,,,,,,,,,,,,,,,April,Fatmawati ,"58,678","74,193",-26.40%,16
53,MAY,2023,31,ER CPR,REGION 1,STATION ELEVATED,68738,2477,76787,,53,APRIL,2024,30,ER CPR,REGION 1,ELEVATED,85273,-,74309,,,,,,,,,,,,,,,,,,,April,Cipete Raya,"82,332","85,273",-3.60%,12
54,JUNE,2023,30,ER CPR,REGION 1,STATION ELEVATED,67168,2477,74310,,54,APRIL,2024,30,ER HJN,REGION 2,ELEVATED,35659,-,42798,,,,,,,,,,,,,,,,,,,April,Haji Nawi ,"50,975","35,659",30.00%,1
55,JULY,2023,31,ER CPR,REGION 1,STATION ELEVATED,75948,2477,76787,,55,APRIL,2024,30,ER BLA,REGION 2,ELEVATED,33398,-,41698,,,,,,,,,,,,,,,,,,,April,Blok A,"38,396","33,398",13.00%,4
56,AUGUST,2023,31,ER CPR,REGION 1,STATION ELEVATED,74968,2477,76787,,56,APRIL,2024,30,ER BLM,REGION 2,ELEVATED,55283,-,59022,,,,,,,,,,,,,,,,,,,April,Blok M,"74,546","55,283",25.80%,2
57,SEPTEMBER,2023,30,ER CPR,REGION 1,STATION ELEVATED,72708,2477,74310,,57,APRIL,2024,30,ER ASN ,REGION 2,UNDERGROND,56620,-,66682,,,,,,,,,,,,,,,,,,,April,Asean,"67,763","56,620",16.40%,3
58,OCTOBER,2023,31,ER CPR,REGION 1,STATION ELEVATED,96811,2477,76787,,58,APRIL,2024,30,ER SNY,REGION 3,UNDERGROND,253649,-,252813,,,,,,,,,,,,,,,,,,,April,Senayan,"224,602","253,649",-12.90%,15
59,NOVEMBER,2023,30,ER CPR,REGION 1,STATION ELEVATED,90282,2477,74310,,59,APRIL,2024,30,ER IST,REGION 3,UNDERGROND,278864,-,287360,,,,,,,,,,,,,,,,,,,April,Istora,"280,594","278,864",0.60%,9
60,DECEMBER,2023,31,ER CPR,REGION 1,STATION ELEVATED,84301,2477,76787,,60,APRIL,2024,30,ER BNH,REGION 3,UNDERGROND,324843,-,310993,,,,,,,,,,,,,,,,,,,April,Bendungan Hilir,"323,415","324,843",-0.40%,10
61,JANUARY,2023,31,ER HJN,REGION 2,STATION ELEVATED,29008.9,1426.588083,44224.23058,,61,APRIL,2024,30,ER STB,REGION 3,UNDERGROND,290602,-,309190,,,,,,,,,,,,,,,,,,,April,Setiabudi,"304,681","290,602",4.60%,6
62,FEBRUARY,2023,28,ER HJN,REGION 2,STATION ELEVATED,25608.5,1426.588083,39944.46633,,62,APRIL,2024,30,ER DKA,REGION 3,UNDERGROND,558393,-,473184,,,,,,,,,,,,,,,,,,,April,Dukuh Atas,"494,769","558,393",-12.90%,14
63,MARCH,2023,31,ER HJN,REGION 2,STATION ELEVATED,27669.5,1426.588083,44224.23058,,63,APRIL,2024,30,ER BHI,REGION 3,UNDERGROND,476473,-,492128,,,,,,,,,,,,,,,,,,,April,Bundaram HI,"473,277","476,473",-0.70%,11
64,APRIL,2023,30,ER HJN,REGION 2,STATION ELEVATED,30225.2,1426.588083,42797.6425,,64,APRIL,2024,30,ER RSS,REGION 3,TAMAN SAMBAS,17670,-,18045,,,,,,,,,,,,,,,,,,,April,RSS,"18,090","17,670",2.30%,8
65,MAY,2023,31,ER HJN,REGION 2,STATION ELEVATED,37935.6,1426.588083,44224.23058,,65,MAY,2024,31,ER WKS,REGION 1,DEPO,155720,-,162363,,,,,,,,,,,,,,,,,,,May,Workshop,"162,774","155,720",4.30%,12
66,JUNE,2023,30,ER HJN,REGION 2,STATION ELEVATED,37621.4,1426.588083,42797.6425,,66,MAY,2024,31,ER ADM,REGION 1,DEPO,195700,-,176236,,,,,,,,,,,,,,,,,,,May,Administrasi,"176,683","195,700",-10.80%,16
67,JULY,2023,31,ER HJN,REGION 2,STATION ELEVATED,39144.4,1426.588083,44224.23058,,67,MAY,2024,31,ER LBB,REGION 1,ELEVATED,59251,-,69330,,,,,,,,,,,,,,,,,,,May,Lebak Bulus,"75,391","59,251",21.40%,4
68,AUGUST,2023,31,ER HJN,REGION 2,STATION ELEVATED,36479.5,1426.588083,44224.23058,,68,MAY,2024,31,ER FTM,REGION 1,ELEVATED,75430,-,69864,,,,,,,,,,,,,,,,,,,May,Fatmawati ,"77,369","75,430",2.50%,13
69,SEPTEMBER,2023,30,ER HJN,REGION 2,STATION ELEVATED,36950.3,1426.588083,42797.6425,,69,MAY,2024,31,ER CPR,REGION 1,ELEVATED,87920,-,76786,,,,,,,,,,,,,,,,,,,May,Cipete Raya,"84,275","87,920",-4.30%,15
70,OCTOBER,2023,31,ER HJN,REGION 2,STATION ELEVATED,69319.9,1426.588083,44224.23058,,70,MAY,2024,31,ER HJN,REGION 2,ELEVATED,36985,-,44224,,,,,,,,,,,,,,,,,,,May,Haji Nawi ,"44,879","36,985",17.60%,7
71,NOVEMBER,2023,30,ER HJN,REGION 2,STATION ELEVATED,63506.66667,1426.588083,42797.6425,,71,MAY,2024,31,ER BLA,REGION 2,ELEVATED,36226,-,43088,,,,,,,,,,,,,,,,,,,May,Blok A,"43,612","36,226",16.90%,8
72,DECEMBER,2023,31,ER HJN,REGION 2,STATION ELEVATED,64443.91429,1426.588083,44224.23058,,72,MAY,2024,31,ER BLM,REGION 2,ELEVATED,59618,-,60990,,,,,,,,,,,,,,,,,,,May,Blok M,"83,826","59,618",28.90%,2
73,JANUARY,2023,31,ER BLA,REGION 2,STATION ELEVATED,31436,1390,43090,,73,MAY,2024,31,ER ASN ,REGION 2,UNDERGROND,62785,-,68904,,,,,,,,,,,,,,,,,,,May,Asean,"73,287","62,785",14.30%,10
74,FEBRUARY,2023,28,ER BLA,REGION 2,STATION ELEVATED,28361,1390,38920,,74,MAY,2024,31,ER SNY,REGION 3,UNDERGROND,254559,-,261240,,,,,,,,,,,,,,,,,,,May,Senayan,"305,474","254,559",16.70%,9
75,MARCH,2023,31,ER BLA,REGION 2,STATION ELEVATED,33158,1390,43090,,75,MAY,2024,31,ER IST,REGION 3,UNDERGROND,284036,-,296939,,,,,,,,,,,,,,,,,,,May,Istora,"406,783","284,036",30.20%,1
76,APRIL,2023,30,ER BLA,REGION 2,STATION ELEVATED,31933,1390,41700,,76,MAY,2024,31,ER BNH,REGION 3,UNDERGROND,313010,-,321360,,,,,,,,,,,,,,,,,,,May,Bendungan Hilir,"387,673","313,010",19.30%,6
77,MAY,2023,31,ER BLA,REGION 2,STATION ELEVATED,33040,1390,43090,,77,MAY,2024,31,ER STB,REGION 3,UNDERGROND,285906,-,319496,,,,,,,,,,,,,,,,,,,May,Setiabudi,"371,587","285,906",23.10%,3
78,JUNE,2023,30,ER BLA,REGION 2,STATION ELEVATED,32139,1390,41700,,78,MAY,2024,31,ER DKA,REGION 3,UNDERGROND,559169,-,488957,,,,,,,,,,,,,,,,,,,May,Dukuh Atas,"622,573","559,169",10.20%,11
79,JULY,2023,31,ER BLA,REGION 2,STATION ELEVATED,34811,1390,43090,,79,MAY,2024,31,ER BHI,REGION 3,UNDERGROND,461904,-,508532,,,,,,,,,,,,,,,,,,,May,Bundaram HI,"572,184","461,904",19.30%,5
80,AUGUST,2023,31,ER BLA,REGION 2,STATION ELEVATED,33151,1390,43090,,80,MAY,2024,31,ER RSS,REGION 3,TAMAN SAMBAS,18630,-,18646,,,,,,,,,,,,,,,,,,,May,RSS,"18,693","18,630",0.30%,14
81,SEPTEMBER,2023,30,ER BLA,REGION 2,STATION ELEVATED,33961,1390,41700,,81,JUNE,2024,30,ER WKS,REGION 1,DEPO,129000,-,157125,,,,,,,,,,,,,,,,,,,June,Workshop,"157,523","129,000",18.10%,5
82,OCTOBER,2023,31,ER BLA,REGION 2,STATION ELEVATED,61246,1390,43090,,82,JUNE,2024,30,ER ADM,REGION 1,DEPO,151580,-,170551,,,,,,,,,,,,,,,,,,,June,Administrasi,"170,983","151,580",11.30%,7
83,NOVEMBER,2023,30,ER BLA,REGION 2,STATION ELEVATED,58490,1390,41700,,83,JUNE,2024,30,ER LBB,REGION 1,ELEVATED,53475,-,67094,,,,,,,,,,,,,,,,,,,June,Lebak Bulus,"67,264","53,475",20.50%,4
84,DECEMBER,2023,31,ER BLA,REGION 2,STATION ELEVATED,65049,1390,43090,,84,JUNE,2024,30,ER FTM,REGION 1,ELEVATED,73430,-,67611,,,,,,,,,,,,,,,,,,,June,Fatmawati ,"66,158","73,430",-11.00%,16
85,JANUARY,2023,31,ER BLM,REGION 2,STATION ELEVATED,52600,1967,60977,,85,JUNE,2024,30,ER CPR,REGION 1,ELEVATED,45287,-,74309,,,,,,,,,,,,,,,,,,,June,Cipete Raya,"74,497","45,287",39.20%,1
86,FEBRUARY,2023,28,ER BLM,REGION 2,STATION ELEVATED,50513,1967,55076,,86,JUNE,2024,30,ER HJN,REGION 2,ELEVATED,33487,-,42798,,,,,,,,,,,,,,,,,,,June,Haji Nawi ,"42,906","33,487",22.00%,2
87,MARCH,2023,31,ER BLM,REGION 2,STATION ELEVATED,54721,1967,60977,,87,JUNE,2024,30,ER BLA,REGION 2,ELEVATED,33125,-,41698,,,,,,,,,,,,,,,,,,,June,Blok A,"41,804","33,125",20.80%,3
88,APRIL,2023,30,ER BLM,REGION 2,STATION ELEVATED,51369,1967,59010,,88,JUNE,2024,30,ER BLM,REGION 2,ELEVATED,60300,-,59022,,,,,,,,,,,,,,,,,,,June,Blok M,"59,172","60,300",-1.90%,14
89,MAY,2023,31,ER BLM,REGION 2,STATION ELEVATED,49181,1967,60977,,89,JUNE,2024,30,ER ASN ,REGION 2,UNDERGROND,56181,-,66682,,,,,,,,,,,,,,,,,,,June,Asean,"66,850","56,181",16.00%,6
90,JUNE,2023,30,ER BLM,REGION 2,STATION ELEVATED,47466,1967,59010,,90,JUNE,2024,30,ER SNY,REGION 3,UNDERGROND,248516,-,252813,,,,,,,,,,,,,,,,,,,June,Senayan,"253,453","248,516",1.90%,12
91,JULY,2023,31,ER BLM,REGION 2,STATION ELEVATED,51634,1967,60977,,91,JUNE,2024,30,ER IST,REGION 3,UNDERGROND,279806,-,287360,,,,,,,,,,,,,,,,,,,June,Istora,"288,088","279,806",2.90%,11
92,AUGUST,2023,31,ER BLM,REGION 2,STATION ELEVATED,47533,1967,60977,,92,JUNE,2024,30,ER BNH,REGION 3,UNDERGROND,310064,-,310993,,,,,,,,,,,,,,,,,,,June,Bendungan Hilir,"311,781","310,064",0.60%,13
93,SEPTEMBER,2023,30,ER BLM,REGION 2,STATION ELEVATED,46182,1967,59010,,93,JUNE,2024,30,ER STB,REGION 3,UNDERGROND,274936,-,309190,,,,,,,,,,,,,,,,,,,June,Setiabudi,"309,973","274,936",11.30%,8
94,OCTOBER,2023,31,ER BLM,REGION 2,STATION ELEVATED,91930,1967,60977,,94,JUNE,2024,30,ER DKA,REGION 3,UNDERGROND,524361,-,473184,,,,,,,,,,,,,,,,,,,June,Dukuh Atas,"474,382","524,361",-10.50%,15
95,NOVEMBER,2023,30,ER BLM,REGION 2,STATION ELEVATED,87700,1967,59010,,95,JUNE,2024,30,ER BHI,REGION 3,UNDERGROND,463147,-,492128,,,,,,,,,,,,,,,,,,,June,Bundaram HI,"493,374","463,147",6.10%,9
96,DECEMBER,2023,31,ER BLM,REGION 2,STATION ELEVATED,62146,1967,60977,,96,JUNE,2024,30,ER RSS,REGION 3,TAMAN SAMBAS,17540,-,18045,,,,,,,,,,,,,,,,,,,June,RSS,"18,090","17,540",3.00%,10
97,JANUARY,2023,31,ER ASN,REGION 2,STATION ELEVATED,59701,2223,68913,,97,JULY,2024,31,ER WKS,REGION 1,DEPO,94680,-,162363,,,,,,,,,,,,,,,,,,,July,Workshop,"162,774","94,680",41.80%,1
98,FEBRUARY,2023,28,ER ASN,REGION 2,STATION ELEVATED,49921,2223,62244,,98,JULY,2024,31,ER ADM,REGION 1,DEPO,149800,-,176236,,,,,,,,,,,,,,,,,,,July,Administrasi,"176,683","149,800",15.20%,6
99,MARCH,2023,31,ER ASN,REGION 2,STATION ELEVATED,55561,2223,68913,,99,JULY,2024,31,ER LBB,REGION 1,ELEVATED,54286,-,69330,,,,,,,,,,,,,,,,,,,July,Lebak Bulus,"69,506","54,286",21.90%,2
100,APRIL,2023,30,ER ASN,REGION 2,STATION ELEVATED,55561,2223,66690,,100,JULY,2024,31,ER FTM,REGION 1,ELEVATED,76878,-,69864,,,,,,,,,,,,,,,,,,,July,Fatmawati ,"68,363","76,878",-12.50%,16
101,MAY,2023,31,ER ASN,REGION 2,STATION ELEVATED,61841,2223,68913,,101,JULY,2024,31,ER CPR,REGION 1,ELEVATED,72009,-,76786,,,,,,,,,,,,,,,,,,,July,Cipete Raya,"76,980","72,009",6.50%,10
102,JUNE,2023,30,ER ASN,REGION 2,STATION ELEVATED,59301,2223,66690,,102,JULY,2024,31,ER HJN,REGION 2,ELEVATED,34991,-,44224,,,,,,,,,,,,,,,,,,,July,Haji Nawi ,"44,336","34,991",21.10%,3
103,JULY,2023,31,ER ASN,REGION 2,STATION ELEVATED,61341,2223,68913,,103,JULY,2024,31,ER BLA,REGION 2,ELEVATED,35098,-,43088,,,,,,,,,,,,,,,,,,,July,Blok A,"43,197","35,098",18.70%,4
104,AUGUST,2023,31,ER ASN,REGION 2,STATION ELEVATED,55017,2223,68913,,104,JULY,2024,31,ER BLM,REGION 2,ELEVATED,68649,-,60990,,,,,,,,,,,,,,,,,,,July,Blok M,"61,144","68,649",-12.30%,15
105,SEPTEMBER,2023,30,ER ASN,REGION 2,STATION ELEVATED,54290,2223,66690,,105,JULY,2024,31,ER ASN ,REGION 2,UNDERGROND,58274,-,68904,,,,,,,,,,,,,,,,,,,July,Asean,"69,079","58,274",15.60%,5
106,OCTOBER,2023,31,ER ASN,REGION 2,STATION ELEVATED,91702,2223,68913,,106,JULY,2024,31,ER SNY,REGION 3,UNDERGROND,254340,-,261240,,,,,,,,,,,,,,,,,,,July,Senayan,"261,901","254,340",2.90%,13
107,NOVEMBER,2023,30,ER ASN,REGION 2,STATION ELEVATED,98435,2223,66690,,107,JULY,2024,31,ER IST,REGION 3,UNDERGROND,270400,-,296939,,,,,,,,,,,,,,,,,,,July,Istora,"297,691","270,400",9.20%,8
108,DECEMBER,2023,31,ER ASN,REGION 2,STATION ELEVATED,78663,2223,68913,,108,JULY,2024,31,ER BNH,REGION 3,UNDERGROND,310373,-,321360,,,,,,,,,,,,,,,,,,,July,Bendungan Hilir,"322,173","310,373",3.70%,12
109,JANUARY,2023,31,ER SNY,REGION 3,STATION UNDERGROUND,289307,8427,261237,,109,JULY,2024,31,ER STB,REGION 3,UNDERGROND,272447,-,319496,,,,,,,,,,,,,,,,,,,July,Setiabudi,"320,305","272,447",14.90%,7
110,FEBRUARY,2023,28,ER SNY,REGION 3,STATION UNDERGROUND,262637,8427,235956,,110,JULY,2024,31,ER DKA,REGION 3,UNDERGROND,481260,-,488957,,,,,,,,,,,,,,,,,,,July,Dukuh Atas,"490,195","481,260",1.80%,14
111,MARCH,2023,31,ER SNY,REGION 3,STATION UNDERGROUND,305398,8427,261237,,111,JULY,2024,31,ER BHI,REGION 3,UNDERGROND,468073,-,508532,,,,,,,,,,,,,,,,,,,July,Bundaram HI,"509,820","468,073",8.20%,9
112,APRIL,2023,30,ER SNY,REGION 3,STATION UNDERGROUND,290367,8427,252810,,112,JULY,2024,31,ER RSS,REGION 3,TAMAN SAMBAS,17920,-,18646,,,,,,,,,,,,,,,,,,,July,RSS,"18,693","17,920",4.10%,11
113,MAY,2023,31,ER SNY,REGION 3,STATION UNDERGROUND,308097,8427,261237,,113,AUGUST,2024,31,ER WKS,REGION 1,DEPO,105830,-,162363,,,,,,,,,,,,,,,,,,,August,Workshop,"162,363","105,830",34.80%,1
114,JUNE,2023,30,ER SNY,REGION 3,STATION UNDERGROUND,259247,8427,252810,,114,AUGUST,2024,31,ER ADM,REGION 1,DEPO,157550,-,176236,,,,,,,,,,,,,,,,,,,August,Administrasi,"176,236","157,550",10.60%,7
115,JULY,2023,31,ER SNY,REGION 3,STATION UNDERGROUND,225077,8427,261237,,115,AUGUST,2024,31,ER LBB,REGION 1,ELEVATED,63242,-,69330,,,,,,,,,,,,,,,,,,,August,Lebak Bulus,"69,330","63,242",8.80%,8
116,AUGUST,2023,31,ER SNY,REGION 3,STATION UNDERGROUND,225177,8427,261237,,116,AUGUST,2024,31,ER FTM,REGION 1,ELEVATED,70431,-,69864,,,,,,,,,,,,,,,,,,,August,Fatmawati ,"69,864","70,431",-0.80%,15
117,SEPTEMBER,2023,30,ER SNY,REGION 3,STATION UNDERGROUND,216263,8427,252810,,117,AUGUST,2024,31,ER CPR,REGION 1,ELEVATED,77119,-,76786,,,,,,,,,,,,,,,,,,,August,Cipete Raya,"76,786","77,119",-0.40%,13
118,OCTOBER,2023,31,ER SNY,REGION 3,STATION UNDERGROUND,232391,8427,261237,,118,AUGUST,2024,31,ER HJN,REGION 2,ELEVATED,32825,-,44224,,,,,,,,,,,,,,,,,,,August,Haji Nawi ,"44,224","32,825",25.80%,2
119,NOVEMBER,2023,30,ER SNY,REGION 3,STATION UNDERGROUND,232611,8427,252810,,119,AUGUST,2024,31,ER BLA,REGION 2,ELEVATED,35256,-,43088,,,,,,,,,,,,,,,,,,,August,Blok A,"43,088","35,256",18.20%,5
120,DECEMBER,2023,31,ER SNY,REGION 3,STATION UNDERGROUND,235281,8427,261237,,120,AUGUST,2024,31,ER BLM,REGION 2,ELEVATED,67331,-,60990,,,,,,,,,,,,,,,,,,,August,Blok M,"60,990","67,331",-10.40%,16
121,JANUARY,2023,31,ER IST,REGION 3,STATION UNDERGROUND,360835,9579,296949,,121,AUGUST,2024,31,ER ASN ,REGION 2,UNDERGROND,55864,-,68904,,,,,,,,,,,,,,,,,,,August,Asean,"68,904","55,864",18.90%,4
122,FEBRUARY,2023,28,ER IST,REGION 3,STATION UNDERGROUND,331172,9579,268212,,122,AUGUST,2024,31,ER SNY,REGION 3,UNDERGROND,262819,-,261240,,,,,,,,,,,,,,,,,,,August,Senayan,"261,240","262,819",-0.60%,14
123,MARCH,2023,31,ER IST,REGION 3,STATION UNDERGROUND,369040,9579,296949,,123,AUGUST,2024,31,ER IST,REGION 3,UNDERGROND,284349,-,296939,,,,,,,,,,,,,,,,,,,August,Istora,"296,939","284,349",4.20%,9
124,APRIL,2023,30,ER IST,REGION 3,STATION UNDERGROUND,355610,9579,287370,,124,AUGUST,2024,31,ER BNH,REGION 3,UNDERGROND,314642,-,321360,,,,,,,,,,,,,,,,,,,August,Bendungan Hilir,"321,360","314,642",2.10%,10
125,MAY,2023,31,ER IST,REGION 3,STATION UNDERGROUND,375830,9579,296949,,125,AUGUST,2024,31,ER STB,REGION 3,UNDERGROND,254142,-,319496,,,,,,,,,,,,,,,,,,,August,Setiabudi,"319,496","254,142",20.50%,3
126,JUNE,2023,30,ER IST,REGION 3,STATION UNDERGROUND,314112,9579,287370,,126,AUGUST,2024,31,ER DKA,REGION 3,UNDERGROND,486708,-,488957,,,,,,,,,,,,,,,,,,,August,Dukuh Atas,"488,957","486,708",0.50%,12
127,JULY,2023,31,ER IST,REGION 3,STATION UNDERGROUND,267920,9579,296949,,127,AUGUST,2024,31,ER BHI,REGION 3,UNDERGROND,430183,-,508532,,,,,,,,,,,,,,,,,,,August,Bundaram HI,"508,532","430,183",15.40%,6
128,AUGUST,2023,31,ER IST,REGION 3,STATION UNDERGROUND,276474,9579,296949,,128,AUGUST,2024,31,ER RSS,REGION 3,TAMAN SAMBAS,18480,-,18646,,,,,,,,,,,,,,,,,,,August,RSS,"18,646","18,480",0.90%,11
129,SEPTEMBER,2023,30,ER IST,REGION 3,STATION UNDERGROUND,195199,9579,287370,,129,SEPTEMBER,2024,30,ER WKS,REGION 1,DEPO,113670,-,157125,,,,,,,,,,,,,,,,,,,All Month,Workshop,1280777,1089370,14.90%,3
130,OCTOBER,2023,31,ER IST,REGION 3,STATION UNDERGROUND,219454,9579,296949,,130,SEPTEMBER,2024,30,ER ADM,REGION 1,DEPO,150890,-,170551,,,,,,,,,,,,,,,,,,,All Month,Administrasi,1390218,1391680,-0.10%,15
131,NOVEMBER,2023,30,ER IST,REGION 3,STATION UNDERGROUND,216977,9579,287370,,131,SEPTEMBER,2024,30,ER LBB,REGION 1,ELEVATED,75478,-,67094,,,,,,,,,,,,,,,,,,,All Month,Lebak Bulus,559991,473097,15.50%,1
132,DECEMBER,2023,31,ER IST,REGION 3,STATION UNDERGROUND,226383,9579,296949,,132,SEPTEMBER,2024,30,ER FTM,REGION 1,ELEVATED,69902,-,67611,,,,,,,,,,,,,,,,,,,All Month,Fatmawati ,558840,585516,-4.80%,16
133,JANUARY,2023,31,ER BNH,REGION 3,STATION UNDERGROUND,345914,10366,321346,,133,SEPTEMBER,2024,30,ER CPR,REGION 1,ELEVATED,77924,-,74309,,,,,,,,,,,,,,,,,,,All Month,Cipete Raya,630083,568535,9.80%,7
134,FEBRUARY,2023,28,ER BNH,REGION 3,STATION UNDERGROUND,343979,10366,290248,,134,SEPTEMBER,2024,30,ER HJN,REGION 2,ELEVATED,32609,-,42798,,,,,,,,,,,,,,,,,,,All Month,Haji Nawi ,359139,306075,14.80%,4
135,MARCH,2023,31,ER BNH,REGION 3,STATION UNDERGROUND,386456,10366,321346,,135,SEPTEMBER,2024,30,ER BLA,REGION 2,ELEVATED,36324,-,41698,,,,,,,,,,,,,,,,,,,All Month,Blok A,335799,313882,6.50%,10
136,APRIL,2023,30,ER BNH,REGION 3,STATION UNDERGROUND,389554,10366,310980,,136,SEPTEMBER,2024,30,ER BLM,REGION 2,ELEVATED,71528,-,59022,,,,,,,,,,,,,,,,,,,All Month,Blok M,529940,505625,4.60%,13
137,MAY,2023,31,ER BNH,REGION 3,STATION UNDERGROUND,400560,10366,321346,,137,SEPTEMBER,2024,30,ER ASN ,REGION 2,UNDERGROND,58847,-,66682,,,,,,,,,,,,,,,,,,,All Month,Asean,555072,500114,9.90%,6
138,JUNE,2023,30,ER BNH,REGION 3,STATION UNDERGROUND,334695,10366,310980,,138,SEPTEMBER,2024,30,ER SNY,REGION 3,UNDERGROND,240639,-,252813,,,,,,,,,,,,,,,,,,,All Month,Senayan,2125161,2023519,4.80%,11
139,JULY,2023,31,ER BNH,REGION 3,STATION UNDERGROUND,260029,10366,321346,,139,SEPTEMBER,2024,30,ER IST,REGION 3,UNDERGROND,280897,-,287360,,,,,,,,,,,,,,,,,,,All Month,Istora,2551467,2237369,12.30%,5
140,AUGUST,2023,31,ER BNH,REGION 3,STATION UNDERGROUND,257585,10366,321346,,140,SEPTEMBER,2024,30,ER BNH,REGION 3,UNDERGROND,297054,-,310993,,,,,,,,,,,,,,,,,,,All Month,Bendungan Hilir,2769213,2533930,8.50%,8
141,SEPTEMBER,2023,30,ER BNH,REGION 3,STATION UNDERGROUND,248705,10366,310980,,141,SEPTEMBER,2024,30,ER STB,REGION 3,UNDERGROND,262817,-,309190,,,,,,,,,,,,,,,,,,,All Month,Setiabudi,2676524,2266823,15.30%,2
142,OCTOBER,2023,31,ER BNH,REGION 3,STATION UNDERGROUND,269524,10366,321346,,142,SEPTEMBER,2024,30,ER DKA,REGION 3,UNDERGROND,466128,-,473184,,,,,,,,,,,,,,,,,,,All Month,Dukuh Atas,4242250,4039365,4.80%,12
143,NOVEMBER,2023,30,ER BNH,REGION 3,STATION UNDERGROUND,271274,10366,310980,,143,SEPTEMBER,2024,30,ER BHI,REGION 3,UNDERGROND,445921,-,492128,,,,,,,,,,,,,,,,,,,All Month,Bundaram HI,4077850,3783704,7.20%,9
144,DECEMBER,2023,31,ER BNH,REGION 3,STATION UNDERGROUND,283170,10366,321346,,144,SEPTEMBER,2024,30,ER RSS,REGION 3,TAMAN SAMBAS,18040,-,18045,,,,,,,,,,,,,,,,,,,All Month,RSS,147087,142820,2.90%,14
145,JANUARY,2023,31,ER STB,REGION 3,STATION UNDERGROUND,350584,10306,319486,,,,,,,,,,,,,,,,,,,,,,,,,,,,,,,,,,,
146,FEBRUARY,2023,28,ER STB,REGION 3,STATION UNDERGROUND,319980,10306,288568,,,,,,,,,,,,,,,,,,,,,,,,,,,,,,,,,,,
147,MARCH,2023,31,ER STB,REGION 3,STATION UNDERGROUND,365874,10306,319486,,,,,,,,,,,,,,,,,,,,,,,,,,,,,,,,,,,
148,APRIL,2023,30,ER STB,REGION 3,STATION UNDERGROUND,354514,10306,309180,,,,,,,,,,,,,,,,,,,,,,,,,,,,,,,,,,,
149,MAY,2023,31,ER STB,REGION 3,STATION UNDERGROUND,371951,10306,319486,,,,,,,,,,,,,,,,,,,,,,,,,,,,,,,,,,,
150,JUNE,2023,30,ER STB,REGION 3,STATION UNDERGROUND,328493,10306,309180,,,,,,,,,,,,,,,,,,,,,,,,,,,,,,,,,,,
151,JULY,2023,31,ER STB,REGION 3,STATION UNDERGROUND,285665,10306,319486,,,,,,,,,,,,,,,,,,,,,,,,,,,,,,,,,,,
152,AUGUST,2023,31,ER STB,REGION 3,STATION UNDERGROUND,289049,10306,319486,,,,,,,,,,,,,,,,,,,,,,,,,,,,,,,,,,,
153,SEPTEMBER,2023,30,ER STB,REGION 3,STATION UNDERGROUND,258928,10306,309180,,,,,,,,,,,,,,,,,,,,,,,,,,,,,,,,,,,
154,OCTOBER,2023,31,ER STB,REGION 3,STATION UNDERGROUND,282674,10306,319486,,,,,,,,,,,,,,,,,,,,,,,,,,,,,,,,,,,
155,NOVEMBER,2023,30,ER STB,REGION 3,STATION UNDERGROUND,284349,10306,309180,,,,,,,,,,,,,,,,,,,,,,,,,,,,,,,,,,,
156,DECEMBER,2023,31,ER STB,REGION 3,STATION UNDERGROUND,290820,10306,319486,,,,,,,,,,,,,,,,,,,,,,,,,,,,,,,,,,,
157,JANUARY,2023,31,ER DKA,REGION 3,STATION UNDERGROUND,524354,15773,488963,,,,,,,,,,,,,,,,,,,,,,,,,,,,,,,,,,,
158,FEBRUARY,2023,28,ER DKA,REGION 3,STATION UNDERGROUND,456974,15773,441644,,,,,,,,,,,,,,,,,,,,,,,,,,,,,,,,,,,
159,MARCH,2023,31,ER DKA,REGION 3,STATION UNDERGROUND,502613,15773,488963,,,,,,,,,,,,,,,,,,,,,,,,,,,,,,,,,,,
160,APRIL,2023,30,ER DKA,REGION 3,STATION UNDERGROUND,472967,15773,473190,,,,,,,,,,,,,,,,,,,,,,,,,,,,,,,,,,,
161,MAY,2023,31,ER DKA,REGION 3,STATION UNDERGROUND,532333,15773,488963,,,,,,,,,,,,,,,,,,,,,,,,,,,,,,,,,,,
162,JUNE,2023,30,ER DKA,REGION 3,STATION UNDERGROUND,501878,15773,473190,,,,,,,,,,,,,,,,,,,,,,,,,,,,,,,,,,,
163,JULY,2023,31,ER DKA,REGION 3,STATION UNDERGROUND,473801,15773,488963,,,,,,,,,,,,,,,,,,,,,,,,,,,,,,,,,,,
164,AUGUST,2023,31,ER DKA,REGION 3,STATION UNDERGROUND,463304,15773,488963,,,,,,,,,,,,,,,,,,,,,,,,,,,,,,,,,,,
165,SEPTEMBER,2023,30,ER DKA,REGION 3,STATION UNDERGROUND,434557,15773,473190,,,,,,,,,,,,,,,,,,,,,,,,,,,,,,,,,,,
166,OCTOBER,2023,31,ER DKA,REGION 3,STATION UNDERGROUND,466275,15773,488963,,,,,,,,,,,,,,,,,,,,,,,,,,,,,,,,,,,
167,NOVEMBER,2023,30,ER DKA,REGION 3,STATION UNDERGROUND,459982,15773,473190,,,,,,,,,,,,,,,,,,,,,,,,,,,,,,,,,,,
168,DECEMBER,2023,31,ER DKA,REGION 3,STATION UNDERGROUND,478888,15773,488963,,,,,,,,,,,,,,,,,,,,,,,,,,,,,,,,,,,
169,JANUARY,2023,31,ER BHI,REGION 3,STATION UNDERGROUND,548885,16404,508524,,,,,,,,,,,,,,,,,,,,,,,,,,,,,,,,,,,
170,FEBRUARY,2023,28,ER BHI,REGION 3,STATION UNDERGROUND,486630,16404,459312,,,,,,,,,,,,,,,,,,,,,,,,,,,,,,,,,,,
171,MARCH,2023,31,ER BHI,REGION 3,STATION UNDERGROUND,543602,16404,508524,,,,,,,,,,,,,,,,,,,,,,,,,,,,,,,,,,,
172,APRIL,2023,30,ER BHI,REGION 3,STATION UNDERGROUND,544957,16404,492120,,,,,,,,,,,,,,,,,,,,,,,,,,,,,,,,,,,
173,MAY,2023,31,ER BHI,REGION 3,STATION UNDERGROUND,547998,16404,508524,,,,,,,,,,,,,,,,,,,,,,,,,,,,,,,,,,,
174,JUNE,2023,30,ER BHI,REGION 3,STATION UNDERGROUND,510762,16404,492120,,,,,,,,,,,,,,,,,,,,,,,,,,,,,,,,,,,
175,JULY,2023,31,ER BHI,REGION 3,STATION UNDERGROUND,435295,16404,508524,,,,,,,,,,,,,,,,,,,,,,,,,,,,,,,,,,,
176,AUGUST,2023,31,ER BHI,REGION 3,STATION UNDERGROUND,444089,16404,508524,,,,,,,,,,,,,,,,,,,,,,,,,,,,,,,,,,,
177,SEPTEMBER,2023,30,ER BHI,REGION 3,STATION UNDERGROUND,440312,16404,492120,,,,,,,,,,,,,,,,,,,,,,,,,,,,,,,,,,,
178,OCTOBER,2023,31,ER BHI,REGION 3,STATION UNDERGROUND,481375,16404,508524,,,,,,,,,,,,,,,,,,,,,,,,,,,,,,,,,,,
179,NOVEMBER,2023,30,ER BHI,REGION 3,STATION UNDERGROUND,490153,16404,492120,,,,,,,,,,,,,,,,,,,,,,,,,,,,,,,,,,,
180,DECEMBER,2023,31,ER BHI,REGION 3,STATION UNDERGROUND,513176,16404,508524,,,,,,,,,,,,,,,,,,,,,,,,,,,,,,,,,,,
181,JANUARY,2023,31,ER RSS,REGION 2,STATION ELEVATED,16940,601,18631,,,,,,,,,,,,,,,,,,,,,,,,,,,,,,,,,,,
182,FEBRUARY,2023,28,ER RSS,REGION 2,STATION ELEVATED,15510,601,16828,,,,,,,,,,,,,,,,,,,,,,,,,,,,,,,,,,,
183,MARCH,2023,31,ER RSS,REGION 2,STATION ELEVATED,18100,601,18631,,,,,,,,,,,,,,,,,,,,,,,,,,,,,,,,,,,
184,APRIL,2023,30,ER RSS,REGION 2,STATION ELEVATED,18240,601,18030,,,,,,,,,,,,,,,,,,,,,,,,,,,,,,,,,,,
185,MAY,2023,31,ER RSS,REGION 2,STATION ELEVATED,18990,601,18631,,,,,,,,,,,,,,,,,,,,,,,,,,,,,,,,,,,
186,JUNE,2023,30,ER RSS,REGION 2,STATION ELEVATED,17880,601,18030,,,,,,,,,,,,,,,,,,,,,,,,,,,,,,,,,,,
187,JULY,2023,31,ER RSS,REGION 2,STATION ELEVATED,18530,601,18631,,,,,,,,,,,,,,,,,,,,,,,,,,,,,,,,,,,
188,AUGUST,2023,31,ER RSS,REGION 2,STATION ELEVATED,19570,601,18631,,,,,,,,,,,,,,,,,,,,,,,,,,,,,,,,,,,
189,SEPTEMBER,2023,30,ER RSS,REGION 2,STATION ELEVATED,19840,601,18030,,,,,,,,,,,,,,,,,,,,,,,,,,,,,,,,,,,
190,OCTOBER,2023,31,ER RSS,REGION 2,STATION ELEVATED,20220,601,18631,,,,,,,,,,,,,,,,,,,,,,,,,,,,,,,,,,,
191,NOVEMBER,2023,30,ER RSS,REGION 2,STATION ELEVATED,18480,601,18030,,,,,,,,,,,,,,,,,,,,,,,,,,,,,,,,,,,
192,DECEMBER,2023,31,ER RSS,REGION 2,STATION ELEVATED,18050,601,18631,,,,,,,,,,,,,,,,,,,,,,,,,,,,,,,,,,,
,,,,,,,,,,,,,,,,,,,,,,,,,,,,,,,,,,,,,,,,,,,,
,,,,,,,,,,,,,,,,,,,,,,,,,,,,,,,,,,,,,,,,,,,,
,,,,,,,,,,,,,,,,,,,,,,,,,,,,,,,,,,,,,,,,,,,,
,,,,,,,,,,,,,,,,,,,,,,,,,,,,,,,,,,,,,,,,,,,,
,,,,,,,,,,,,,,,,,,,,,,,,,,,,,,,,,,,,,,,,,,,,
,,,,,,,,,,,,,,,,,,,,,,,,,,,,,,,,,,,,,,,,,,,,
,,,,,,,,,,,,,,,,,,,,,,,,,,,,,,,,,,,,,,,,,,,,
,,,,,,,,,,,,,,,,,,,,,,,,,,,,,,,,,,,,,,,,,,,,
,,,,,,,,,,,,,,,,,,,,,,,,,,,,,,,,,,,,,,,,,,,,
,,,,,,,,,,,,,,,,,,,,,,,,,,,,,,,,,,,,,,,,,,,,
,,,,,,,,,,,,,,,,,,,,,,,,,,,,,,,,,,,,,,,,,,,,
,,,,,,,,,,,,,,,,,,,,,,,,,,,,,,,,,,,,,,,,,,,,
,,,,,,,,,,,,,,,,,,,,,,,,,,,,,,,,,,,,,,,,,,,,
,,,,,,,,,,,,,,,,,,,,,,,,,,,,,,,,,,,,,,,,,,,,
,,,,,,,,,,,,,,,,,,,,,,,,,,,,,,,,,,,,,,,,,,,,
,,,,,,,,,,,,,,,,,,,,,,,,,,,,,,,,,,,,,,,,,,,,
,,,,,,,,,,,,,,,,,,,,,,,,,,,,,,,,,,,,,,,,,,,,
,,,,,,,,,,,,,,,,,,,,,,,,,,,,,,,,,,,,,,,,,,,,
,,,,,,,,,,,,,,,,,,,,,,,,,,,,,,,,,,,,,,,,,,,,
,,,,,,,,,,,,,,,,,,,,,,,,,,,,,,,,,,,,,,,,,,,,
,,,,,,,,,,,,,,,,,,,,,,,,,,,,,,,,,,,,,,,,,,,,
,,,,,,,,,,,,,,,,,,,,,,,,,,,,,,,,,,,,,,,,,,,,
,,,,,,,,,,,,,,,,,,,,,,,,,,,,,,,,,,,,,,,,,,,,
,,,,,,,,,,,,,,,,,,,,,,,,,,,,,,,,,,,,,,,,,,,,
,,,,,,,,,,,,,,,,,,,,,,,,,,,,,,,,,,,,,,,,,,,,
,,,,,,,,,,,,,,,,,,,,,,,,,,,,,,,,,,,,,,,,,,,,
,,,,,,,,,,,,,,,,,,,,,,,,,,,,,,,,,,,,,,,,,,,,
,,,,,,,,,,,,,,,,,,,,,,,,,,,,,,,,,,,,,,,,,,,,
,,,,,,,,,,,,,,,,,,,,,,,,,,,,,,,,,,,,,,,,,,,,
,,,,,,,,,,,,,,,,,,,,,,,,,,,,,,,,,,,,,,,,,,,,
,,,,,,,,,,,,,,,,,,,,,,,,,,,,,,,,,,,,,,,,,,,,
,,,,,,,,,,,,,,,,,,,,,,,,,,,,,,,,,,,,,,,,,,,,
,,,,,,,,,,,,,,,,,,,,,,,,,,,,,,,,,,,,,,,,,,,,
,,,,,,,,,,,,,,,,,,,,,,,,,,,,,,,,,,,,,,,,,,,,
,,,,,,,,,,,,,,,,,,,,,,,,,,,,,,,,,,,,,,,,,,,,
,,,,,,,,,,,,,,,,,,,,,,,,,,,,,,,,,,,,,,,,,,,,
,,,,,,,,,,,,,,,,,,,,,,,,,,,,,,,,,,,,,,,,,,,,
,,,,,,,,,,,,,,,,,,,,,,,,,,,,,,,,,,,,,,,,,,,,
,,,,,,,,,,,,,,,,,,,,,,,,,,,,,,,,,,,,,,,,,,,,
,,,,,,,,,,,,,,,,,,,,,,,,,,,,,,,,,,,,,,,,,,,,
,,,,,,,,,,,,,,,,,,,,,,,,,,,,,,,,,,,,,,,,,,,,
,,,,,,,,,,,,,,,,,,,,,,,,,,,,,,,,,,,,,,,,,,,,
,,,,,,,,,,,,,,,,,,,,,,,,,,,,,,,,,,,,,,,,,,,,
,,,,,,,,,,,,,,,,,,,,,,,,,,,,,,,,,,,,,,,,,,,,
,,,,,,,,,,,,,,,,,,,,,,,,,,,,,,,,,,,,,,,,,,,,
,,,,,,,,,,,,,,,,,,,,,,,,,,,,,,,,,,,,,,,,,,,,
,,,,,,,,,,,,,,,,,,,,,,,,,,,,,,,,,,,,,,,,,,,,
,,,,,,,,,,,,,,,,,,,,,,,,,,,,,,,,,,,,,,,,,,,,
,,,,,,,,,,,,,,,,,,,,,,,,,,,,,,,,,,,,,,,,,,,,
,,,,,,,,,,,,,,,,,,,,,,,,,,,,,,,,,,,,,,,,,,,,
,,,,,,,,,,,,,,,,,,,,,,,,,,,,,,,,,,,,,,,,,,,,
,,,,,,,,,,,,,,,,,,,,,,,,,,,,,,,,,,,,,,,,,,,,
,,,,,,,,,,,,,,,,,,,,,,,,,,,,,,,,,,,,,,,,,,,,
,,,,,,,,,,,,,,,,,,,,,,,,,,,,,,,,,,,,,,,,,,,,
,,,,,,,,,,,,,,,,,,,,,,,,,,,,,,,,,,,,,,,,,,,,
,,,,,,,,,,,,,,,,,,,,,,,,,,,,,,,,,,,,,,,,,,,,
,,,,,,,,,,,,,,,,,,,,,,,,,,,,,,,,,,,,,,,,,,,,
,,,,,,,,,,,,,,,,,,,,,,,,,,,,,,,,,,,,,,,,,,,,
,,,,,,,,,,,,,,,,,,,,,,,,,,,,,,,,,,,,,,,,,,,,
,,,,,,,,,,,,,,,,,,,,,,,,,,,,,,,,,,,,,,,,,,,,
,,,,,,,,,,,,,,,,,,,,,,,,,,,,,,,,,,,,,,,,,,,,
,,,,,,,,,,,,,,,,,,,,,,,,,,,,,,,,,,,,,,,,,,,,
,,,,,,,,,,,,,,,,,,,,,,,,,,,,,,,,,,,,,,,,,,,,
,,,,,,,,,,,,,,,,,,,,,,,,,,,,,,,,,,,,,,,,,,,,
,,,,,,,,,,,,,,,,,,,,,,,,,,,,,,,,,,,,,,,,,,,,
,,,,,,,,,,,,,,,,,,,,,,,,,,,,,,,,,,,,,,,,,,,,
,,,,,,,,,,,,,,,,,,,,,,,,,,,,,,,,,,,,,,,,,,,,
,,,,,,,,,,,,,,,,,,,,,,,,,,,,,,,,,,,,,,,,,,,,
,,,,,,,,,,,,,,,,,,,,,,,,,,,,,,,,,,,,,,,,,,,,
,,,,,,,,,,,,,,,,,,,,,,,,,,,,,,,,,,,,,,,,,,,,
,,,,,,,,,,,,,,,,,,,,,,,,,,,,,,,,,,,,,,,,,,,,
,,,,,,,,,,,,,,,,,,,,,,,,,,,,,,,,,,,,,,,,,,,,
,,,,,,,,,,,,,,,,,,,,,,,,,,,,,,,,,,,,,,,,,,,,
,,,,,,,,,,,,,,,,,,,,,,,,,,,,,,,,,,,,,,,,,,,,
,,,,,,,,,,,,,,,,,,,,,,,,,,,,,,,,,,,,,,,,,,,,
,,,,,,,,,,,,,,,,,,,,,,,,,,,,,,,,,,,,,,,,,,,,
,,,,,,,,,,,,,,,,,,,,,,,,,,,,,,,,,,,,,,,,,,,,
,,,,,,,,,,,,,,,,,,,,,,,,,,,,,,,,,,,,,,,,,,,,
,,,,,,,,,,,,,,,,,,,,,,,,,,,,,,,,,,,,,,,,,,,,
,,,,,,,,,,,,,,,,,,,,,,,,,,,,,,,,,,,,,,,,,,,,
,,,,,,,,,,,,,,,,,,,,,,,,,,,,,,,,,,,,,,,,,,,,
,,,,,,,,,,,,,,,,,,,,,,,,,,,,,,,,,,,,,,,,,,,,
,,,,,,,,,,,,,,,,,,,,,,,,,,,,,,,,,,,,,,,,,,,,
,,,,,,,,,,,,,,,,,,,,,,,,,,,,,,,,,,,,,,,,,,,,
,,,,,,,,,,,,,,,,,,,,,,,,,,,,,,,,,,,,,,,,,,,,
,,,,,,,,,,,,,,,,,,,,,,,,,,,,,,,,,,,,,,,,,,,,
,,,,,,,,,,,,,,,,,,,,,,,,,,,,,,,,,,,,,,,,,,,,
,,,,,,,,,,,,,,,,,,,,,,,,,,,,,,,,,,,,,,,,,,,,
,,,,,,,,,,,,,,,,,,,,,,,,,,,,,,,,,,,,,,,,,,,,
,,,,,,,,,,,,,,,,,,,,,,,,,,,,,,,,,,,,,,,,,,,,
,,,,,,,,,,,,,,,,,,,,,,,,,,,,,,,,,,,,,,,,,,,,
,,,,,,,,,,,,,,,,,,,,,,,,,,,,,,,,,,,,,,,,,,,,
,,,,,,,,,,,,,,,,,,,,,,,,,,,,,,,,,,,,,,,,,,,,
,,,,,,,,,,,,,,,,,,,,,,,,,,,,,,,,,,,,,,,,,,,,
,,,,,,,,,,,,,,,,,,,,,,,,,,,,,,,,,,,,,,,,,,,,
,,,,,,,,,,,,,,,,,,,,,,,,,,,,,,,,,,,,,,,,,,,,
,,,,,,,,,,,,,,,,,,,,,,,,,,,,,,,,,,,,,,,,,,,,
,,,,,,,,,,,,,,,,,,,,,,,,,,,,,,,,,,,,,,,,,,,,
,,,,,,,,,,,,,,,,,,,,,,,,,,,,,,,,,,,,,,,,,,,,
,,,,,,,,,,,,,,,,,,,,,,,,,,,,,,,,,,,,,,,,,,,,
,,,,,,,,,,,,,,,,,,,,,,,,,,,,,,,,,,,,,,,,,,,,
,,,,,,,,,,,,,,,,,,,,,,,,,,,,,,,,,,,,,,,,,,,,
,,,,,,,,,,,,,,,,,,,,,,,,,,,,,,,,,,,,,,,,,,,,
,,,,,,,,,,,,,,,,,,,,,,,,,,,,,,,,,,,,,,,,,,,,
,,,,,,,,,,,,,,,,,,,,,,,,,,,,,,,,,,,,,,,,,,,,
,,,,,,,,,,,,,,,,,,,,,,,,,,,,,,,,,,,,,,,,,,,,
,,,,,,,,,,,,,,,,,,,,,,,,,,,,,,,,,,,,,,,,,,,,
,,,,,,,,,,,,,,,,,,,,,,,,,,,,,,,,,,,,,,,,,,,,
,,,,,,,,,,,,,,,,,,,,,,,,,,,,,,,,,,,,,,,,,,,,
,,,,,,,,,,,,,,,,,,,,,,,,,,,,,,,,,,,,,,,,,,,,
,,,,,,,,,,,,,,,,,,,,,,,,,,,,,,,,,,,,,,,,,,,,
,,,,,,,,,,,,,,,,,,,,,,,,,,,,,,,,,,,,,,,,,,,,
,,,,,,,,,,,,,,,,,,,,,,,,,,,,,,,,,,,,,,,,,,,,
,,,,,,,,,,,,,,,,,,,,,,,,,,,,,,,,,,,,,,,,,,,,
,,,,,,,,,,,,,,,,,,,,,,,,,,,,,,,,,,,,,,,,,,,,
,,,,,,,,,,,,,,,,,,,,,,,,,,,,,,,,,,,,,,,,,,,,
,,,,,,,,,,,,,,,,,,,,,,,,,,,,,,,,,,,,,,,,,,,,
,,,,,,,,,,,,,,,,,,,,,,,,,,,,,,,,,,,,,,,,,,,,
,,,,,,,,,,,,,,,,,,,,,,,,,,,,,,,,,,,,,,,,,,,,
,,,,,,,,,,,,,,,,,,,,,,,,,,,,,,,,,,,,,,,,,,,,
,,,,,,,,,,,,,,,,,,,,,,,,,,,,,,,,,,,,,,,,,,,,
,,,,,,,,,,,,,,,,,,,,,,,,,,,,,,,,,,,,,,,,,,,,
,,,,,,,,,,,,,,,,,,,,,,,,,,,,,,,,,,,,,,,,,,,,
,,,,,,,,,,,,,,,,,,,,,,,,,,,,,,,,,,,,,,,,,,,,
,,,,,,,,,,,,,,,,,,,,,,,,,,,,,,,,,,,,,,,,,,,,
,,,,,,,,,,,,,,,,,,,,,,,,,,,,,,,,,,,,,,,,,,,,
,,,,,,,,,,,,,,,,,,,,,,,,,,,,,,,,,,,,,,,,,,,,
,,,,,,,,,,,,,,,,,,,,,,,,,,,,,,,,,,,,,,,,,,,,
,,,,,,,,,,,,,,,,,,,,,,,,,,,,,,,,,,,,,,,,,,,,
,,,,,,,,,,,,,,,,,,,,,,,,,,,,,,,,,,,,,,,,,,,,
,,,,,,,,,,,,,,,,,,,,,,,,,,,,,,,,,,,,,,,,,,,,
,,,,,,,,,,,,,,,,,,,,,,,,,,,,,,,,,,,,,,,,,,,,
,,,,,,,,,,,,,,,,,,,,,,,,,,,,,,,,,,,,,,,,,,,,
,,,,,,,,,,,,,,,,,,,,,,,,,,,,,,,,,,,,,,,,,,,,
,,,,,,,,,,,,,,,,,,,,,,,,,,,,,,,,,,,,,,,,,,,,
,,,,,,,,,,,,,,,,,,,,,,,,,,,,,,,,,,,,,,,,,,,,
,,,,,,,,,,,,,,,,,,,,,,,,,,,,,,,,,,,,,,,,,,,,
,,,,,,,,,,,,,,,,,,,,,,,,,,,,,,,,,,,,,,,,,,,,
,,,,,,,,,,,,,,,,,,,,,,,,,,,,,,,,,,,,,,,,,,,,
,,,,,,,,,,,,,,,,,,,,,,,,,,,,,,,,,,,,,,,,,,,,
,,,,,,,,,,,,,,,,,,,,,,,,,,,,,,,,,,,,,,,,,,,,
,,,,,,,,,,,,,,,,,,,,,,,,,,,,,,,,,,,,,,,,,,,,
,,,,,,,,,,,,,,,,,,,,,,,,,,,,,,,,,,,,,,,,,,,,
,,,,,,,,,,,,,,,,,,,,,,,,,,,,,,,,,,,,,,,,,,,,
,,,,,,,,,,,,,,,,,,,,,,,,,,,,,,,,,,,,,,,,,,,,
,,,,,,,,,,,,,,,,,,,,,,,,,,,,,,,,,,,,,,,,,,,,
,,,,,,,,,,,,,,,,,,,,,,,,,,,,,,,,,,,,,,,,,,,,
,,,,,,,,,,,,,,,,,,,,,,,,,,,,,,,,,,,,,,,,,,,,
,,,,,,,,,,,,,,,,,,,,,,,,,,,,,,,,,,,,,,,,,,,,
,,,,,,,,,,,,,,,,,,,,,,,,,,,,,,,,,,,,,,,,,,,,
331,23-Jan,,31,ER RSS,REGION 1,STATION UNDERGROUND,"16,940",601,"18,631",,,,,,,,,,,,,,,,,,,,,,,,,,,,,,,,,,,
332,23-Feb,,28,ER RSS,REGION 1,STATION UNDERGROUND,"15,510",601,"16,828",,,,,,,,,,,,,,,,,,,,,,,,,,,,,,,,,,,
333,23-Mar,,31,ER RSS,REGION 1,STATION UNDERGROUND,"18,100",601,"18,631",,,,,,,,,,,,,,,,,,,,,,,,,,,,,,,,,,,
334,23-Apr,,30,ER RSS,REGION 1,STATION UNDERGROUND,"18,240",601,"18,030",,,,,,,,,,,,,,,,,,,,,,,,,,,,,,,,,,,
335,23-May,,31,ER RSS,REGION 1,STATION UNDERGROUND,"18,990",601,"18,631",,,,,,,,,,,,,,,,,,,,,,,,,,,,,,,,,,,
336,23-Jun,,30,ER RSS,REGION 1,STATION UNDERGROUND,"17,880",601,"18,030",,,,,,,,,,,,,,,,,,,,,,,,,,,,,,,,,,,
337,23-Jul,,31,ER RSS,REGION 1,STATION UNDERGROUND,"18,530",601,"18,631",,,,,,,,,,,,,,,,,,,,,,,,,,,,,,,,,,,
338,23-Aug,,31,ER RSS,REGION 1,STATION UNDERGROUND,"19,570",601,"18,631",,,,,,,,,,,,,,,,,,,,,,,,,,,,,,,,,,,
339,23-Sep,,30,ER RSS,REGION 1,STATION UNDERGROUND,"19,840",601,"18,030",,,,,,,,,,,,,,,,,,,,,,,,,,,,,,,,,,,
340,23-Oct,,31,ER RSS,REGION 1,STATION UNDERGROUND,"20,220",601,"18,631",,,,,,,,,,,,,,,,,,,,,,,,,,,,,,,,,,,
341,23-Nov,,30,ER RSS,REGION 1,STATION UNDERGROUND,"18,480",601,"18,030",,,,,,,,,,,,,,,,,,,,,,,,,,,,,,,,,,,
342,23-Dec,,31,ER RSS,REGION 1,STATION UNDERGROUND,"18,050",601,"18,631",,,,,,,,,,,,,,,,,,,,,,,,,,,,,,,,,,,
,,,,,,,,,,,,,,,,,,,,,,,,,,,,,,,,,,,,,,,,,,,,
,,,,,,,,,,,,,,,,,,,,,,,,,,,,,,,,,,,,,,,,,,,,
,,,,,,,,,,,,,,,,,,,,,,,,,,,,,,,,,,,,,,,,,,,,
,,,,,,,,,,,,,,,,,,,,,,,,,,,,,,,,,,,,,,,,,,,,
,,,,,,,,,,,,,,,,,,,,,,,,,,,,,,,,,,,,,,,,,,,,
,,,,,,,,,,,,,,,,,,,,,,,,,,,,,,,,,,,,,,,,,,,,
,,,,,,,,,,,,,,,,,,,,,,,,,,,,,,,,,,,,,,,,,,,,
,,,,,,,,,,,,,,,,,,,,,,,,,,,,,,,,,,,,,,,,,,,,
,,,,,,,,,,,,,,,,,,,,,,,,,,,,,,,,,,,,,,,,,,,,
,,,,,,,  ,,,,,,,,,,,,,,,,,,,,,,,,,,,,,,,,,,,,,
,,,,,,,,,r,,,,,,,,,,,,,,,,,,,,,,,,,,,,,,,,,,,
